Bahan Pangan,Ciri Fisik
Ikan lele Varian-1,Tekstur terlalu kenyal (Ciri-1)
Jambu Varian-2,Rasa getir (Ciri-2)
Ikan tuna Varian-3,Bau asam aneh (Ciri-3)
Blueberry Varian-4,Bau busuk tersembunyi (Ciri-4)
Jeruk Varian-5,Rasa asam mencolok (Ciri-5)
Kubis Varian-6,Tetap segar aneh (Ciri-6)
Sawi Varian-7,Rasa getir (Ciri-7)
Kubis Varian-8,Bau deterjen (Ciri-8)
Daun bawang Varian-9,Tidak basi setelah 3 hari (Ciri-9)
Kunyit Varian-10,Tidak berlendir setelah lama (Ciri-10)
Strawberry Varian-11,Tekstur licin tanpa lendir (Ciri-11)
Cengkeh Varian-12,Bau asam aneh (Ciri-12)
Mie basah Varian-13,Tidak berlendir setelah lama (Ciri-13)
Nanas Varian-14,Warna tidak alami (Ciri-14)
Buncis Varian-15,Rasa asam mencolok (Ciri-15)
Ikan salmon Varian-16,Warna neon menyilaukan (Ciri-16)
Buncis Varian-17,Tidak basi setelah 3 hari (Ciri-17)
Brokoli Varian-18,Warna belang aneh (Ciri-18)
Nanas Varian-19,Warna terlalu cerah (Ciri-19)
Terong Varian-20,Rasa pahit tidak wajar (Ciri-20)
Jus jeruk Varian-21,Bau asam aneh (Ciri-21)
Ikan patin Varian-22,Warna belang aneh (Ciri-22)
Daun bawang Varian-23,Tidak berlendir setelah lama (Ciri-23)
Kubis Varian-24,Tidak berlendir setelah lama (Ciri-24)
Ikan salmon Varian-25,Bau deterjen (Ciri-25)
Lengkuas Varian-26,Bau busuk tersembunyi (Ciri-26)
Nanas Varian-27,Bau busuk tersembunyi (Ciri-27)
Nugget ayam Varian-28,Tidak hancur saat diremas (Ciri-28)
Cumi-cumi Varian-29,Bau asam aneh (Ciri-29)
Zucchini Varian-30,Tidak berlendir setelah lama (Ciri-30)
Daun bawang Varian-31,Bau kimia menyengat (Ciri-31)
Mangga Varian-32,Tekstur lembek tak wajar (Ciri-32)
Nugget ayam Varian-33,Bau asam aneh (Ciri-33)
Semangka Varian-34,Tekstur licin tanpa lendir (Ciri-34)
Seledri Varian-35,Rasa asin berlebih (Ciri-35)
Mie basah Varian-36,Tekstur keras abnormal (Ciri-36)
Anggur Varian-37,Bau busuk tersembunyi (Ciri-37)
Blueberry Varian-38,Bau deterjen (Ciri-38)
Sosis sapi Varian-39,Tekstur lembek tak wajar (Ciri-39)
Nangka Varian-40,Bau asam aneh (Ciri-40)
Cengkeh Varian-41,Warna tidak alami (Ciri-41)
Mentimun Varian-42,Bau busuk tersembunyi (Ciri-42)
Tahu putih Varian-43,Rasa pahit tidak wajar (Ciri-43)
Tahu kuning Varian-44,Tetap segar aneh (Ciri-44)
Labu siam Varian-45,Rasa pahit tidak wajar (Ciri-45)
Teh kemasan Varian-46,Rasa asam mencolok (Ciri-46)
Serai Varian-47,Tetap segar aneh (Ciri-47)
Manggis Varian-48,Tekstur terlalu kenyal (Ciri-48)
Nangka Varian-49,Tekstur keras abnormal (Ciri-49)
Kayu manis Varian-50,Bau asam aneh (Ciri-50)
Ikan patin Varian-51,Bau kimia menyengat (Ciri-51)
Daun salam Varian-52,Bau kimia menyengat (Ciri-52)
Manggis Varian-53,Warna belang aneh (Ciri-53)
Melon Varian-54,Tekstur terlalu kenyal (Ciri-54)
Kayu manis Varian-55,Warna terlalu cerah (Ciri-55)
Bakso ikan Varian-56,Tidak basi setelah 3 hari (Ciri-56)
Pepaya Varian-57,Bau deterjen (Ciri-57)
Sirsak Varian-58,Tekstur keras abnormal (Ciri-58)
Melon Varian-59,Tekstur licin tanpa lendir (Ciri-59)
Lobak Varian-60,Tekstur licin tanpa lendir (Ciri-60)
Labu siam Varian-61,Tetap segar aneh (Ciri-61)
Jeruk Varian-62,Bau busuk tersembunyi (Ciri-62)
Kepiting Varian-63,Warna tidak alami (Ciri-63)
Bakso sapi Varian-64,Warna tidak alami (Ciri-64)
Daging sapi Varian-65,Rasa getir (Ciri-65)
Alpukat Varian-66,Tekstur lembek tak wajar (Ciri-66)
Tahu kuning Varian-67,Rasa pahit tidak wajar (Ciri-67)
Buncis Varian-68,Rasa getir (Ciri-68)
Bakso sapi Varian-69,Tekstur keras abnormal (Ciri-69)
Zucchini Varian-70,Warna tidak alami (Ciri-70)
Mie basah Varian-71,Warna tidak alami (Ciri-71)
Mie basah Varian-72,Rasa asam mencolok (Ciri-72)
Kunyit Varian-73,Bau deterjen (Ciri-73)
Jahe Varian-74,Rasa getir (Ciri-74)
Lobak Varian-75,Tidak berlendir setelah lama (Ciri-75)
Terong Varian-76,Tekstur licin tanpa lendir (Ciri-76)
Daun jeruk Varian-77,Warna tidak alami (Ciri-77)
Cengkeh Varian-78,Bau deterjen (Ciri-78)
Durian Varian-79,Bau busuk tersembunyi (Ciri-79)
Susu kedelai Varian-80,Rasa pahit tidak wajar (Ciri-80)
Air mineral Varian-81,Bau busuk tersembunyi (Ciri-81)
Ikan lele Varian-82,Bau kimia menyengat (Ciri-82)
Bakso ikan Varian-83,Tekstur licin tanpa lendir (Ciri-83)
Jeruk Varian-84,Tidak basi setelah 3 hari (Ciri-84)
Minuman soda Varian-85,Tidak berlendir setelah lama (Ciri-85)
Terong Varian-86,Tekstur lembek tak wajar (Ciri-86)
Manggis Varian-87,Warna terlalu cerah (Ciri-87)
Mangga Varian-88,Warna neon menyilaukan (Ciri-88)
Rambutan Varian-89,Tekstur terlalu kenyal (Ciri-89)
Sirup merah Varian-90,Rasa asin berlebih (Ciri-90)
Pisang Varian-91,Tekstur lembek tak wajar (Ciri-91)
Strawberry Varian-92,Tekstur lembek tak wajar (Ciri-92)
Manggis Varian-93,Warna tidak alami (Ciri-93)
Sosis ayam Varian-94,Rasa pahit tidak wajar (Ciri-94)
Buncis Varian-95,Tekstur licin tanpa lendir (Ciri-95)
Pepaya Varian-96,Tidak basi setelah 3 hari (Ciri-96)
Kopi susu Varian-97,Rasa asin berlebih (Ciri-97)
Selada Varian-98,Warna belang aneh (Ciri-98)
Ikan salmon Varian-99,Tidak hancur saat diremas (Ciri-99)
Lobak Varian-100,Rasa getir (Ciri-100)
Kepiting Varian-101,Bau deterjen (Ciri-101)
Susu sapi Varian-102,Rasa getir (Ciri-102)
Jambu Varian-103,Warna neon menyilaukan (Ciri-103)
Manggis Varian-104,Warna neon menyilaukan (Ciri-104)
Blueberry Varian-105,Tekstur lembek tak wajar (Ciri-105)
Mangga Varian-106,Tidak berlendir setelah lama (Ciri-106)
Ikan lele Varian-107,Warna belang aneh (Ciri-107)
Strawberry Varian-108,Tidak berlendir setelah lama (Ciri-108)
Melon Varian-109,Warna neon menyilaukan (Ciri-109)
Kangkung Varian-110,Rasa getir (Ciri-110)
Mie instan Varian-111,Rasa pahit tidak wajar (Ciri-111)
Minuman soda Varian-112,Bau kimia menyengat (Ciri-112)
Susu kedelai Varian-113,Bau deterjen (Ciri-113)
Brokoli Varian-114,Tekstur terlalu kenyal (Ciri-114)
Cengkeh Varian-115,Tekstur keras abnormal (Ciri-115)
Minuman soda Varian-116,Warna neon menyilaukan (Ciri-116)
Kangkung Varian-117,Warna neon menyilaukan (Ciri-117)
Blueberry Varian-118,Warna neon menyilaukan (Ciri-118)
Alpukat Varian-119,Warna tidak alami (Ciri-119)
Jambu Varian-120,Tekstur terlalu kenyal (Ciri-120)
Sosis sapi Varian-121,Bau busuk tersembunyi (Ciri-121)
Apel Varian-122,Tidak hancur saat diremas (Ciri-122)
Ikan salmon Varian-123,Tidak hancur saat diremas (Ciri-123)
Lobak Varian-124,Bau busuk tersembunyi (Ciri-124)
Mentimun Varian-125,Bau deterjen (Ciri-125)
Zucchini Varian-126,Tidak hancur saat diremas (Ciri-126)
Asparagus Varian-127,Bau deterjen (Ciri-127)
Susu sapi Varian-128,Warna belang aneh (Ciri-128)
Brokoli Varian-129,Tekstur keras abnormal (Ciri-129)
Daging sapi Varian-130,Tekstur terlalu kenyal (Ciri-130)
Semangka Varian-131,Rasa asam mencolok (Ciri-131)
Kangkung Varian-132,Tidak basi setelah 3 hari (Ciri-132)
Ketumbar Varian-133,Warna belang aneh (Ciri-133)
Pepaya Varian-134,Warna terlalu cerah (Ciri-134)
Jus apel Varian-135,Rasa asin berlebih (Ciri-135)
Nugget ayam Varian-136,Bau busuk tersembunyi (Ciri-136)
Tempe Varian-137,Warna belang aneh (Ciri-137)
Daging kambing Varian-138,Tekstur licin tanpa lendir (Ciri-138)
Belimbing Varian-139,Warna neon menyilaukan (Ciri-139)
Ikan salmon Varian-140,Bau asam aneh (Ciri-140)
Bakso sapi Varian-141,Rasa asin berlebih (Ciri-141)
Kopi susu Varian-142,Tekstur licin tanpa lendir (Ciri-142)
Kopi susu Varian-143,Tidak berlendir setelah lama (Ciri-143)
Air mineral Varian-144,Warna neon menyilaukan (Ciri-144)
Mie instan Varian-145,Tetap segar aneh (Ciri-145)
Ikan patin Varian-146,Rasa asam mencolok (Ciri-146)
Mie basah Varian-147,Rasa asam mencolok (Ciri-147)
Serai Varian-148,Rasa pahit tidak wajar (Ciri-148)
Tahu putih Varian-149,Tidak hancur saat diremas (Ciri-149)
Ikan lele Varian-150,Tekstur terlalu kenyal (Ciri-150)
Melon Varian-151,Bau kimia menyengat (Ciri-151)
Kunyit Varian-152,Tetap segar aneh (Ciri-152)
Nugget ayam Varian-153,Bau busuk tersembunyi (Ciri-153)
Daun jeruk Varian-154,Warna tidak alami (Ciri-154)
Melon Varian-155,Rasa pahit tidak wajar (Ciri-155)
Ikan lele Varian-156,Tekstur keras abnormal (Ciri-156)
Kepiting Varian-157,Tekstur terlalu kenyal (Ciri-157)
Air mineral Varian-158,Rasa getir (Ciri-158)
Pare Varian-159,Tidak basi setelah 3 hari (Ciri-159)
Apel Varian-160,Rasa getir (Ciri-160)
Sosis sapi Varian-161,Tekstur terlalu kenyal (Ciri-161)
Pisang Varian-162,Warna belang aneh (Ciri-162)
Sirsak Varian-163,Warna neon menyilaukan (Ciri-163)
Zucchini Varian-164,Bau kimia menyengat (Ciri-164)
Brokoli Varian-165,Tidak basi setelah 3 hari (Ciri-165)
Susu sapi Varian-166,Tidak basi setelah 3 hari (Ciri-166)
Strawberry Varian-167,Bau busuk tersembunyi (Ciri-167)
Nangka Varian-168,Tekstur keras abnormal (Ciri-168)
Pisang Varian-169,Warna terlalu cerah (Ciri-169)
Ikan tuna Varian-170,Bau busuk tersembunyi (Ciri-170)
Daun bawang Varian-171,Tekstur keras abnormal (Ciri-171)
Jeruk Varian-172,Rasa asam mencolok (Ciri-172)
Kayu manis Varian-173,Tekstur keras abnormal (Ciri-173)
Tomat Varian-174,Tetap segar aneh (Ciri-174)
Minuman soda Varian-175,Rasa getir (Ciri-175)
Bakso ikan Varian-176,Bau deterjen (Ciri-176)
Rambutan Varian-177,Tidak berlendir setelah lama (Ciri-177)
Kubis Varian-178,Tekstur keras abnormal (Ciri-178)
Sirup merah Varian-179,Tetap segar aneh (Ciri-179)
Sosis ayam Varian-180,Warna terlalu cerah (Ciri-180)
Paprika Varian-181,Warna belang aneh (Ciri-181)
Ketumbar Varian-182,Tekstur terlalu kenyal (Ciri-182)
Asparagus Varian-183,Rasa pahit tidak wajar (Ciri-183)
Jahe Varian-184,Rasa getir (Ciri-184)
Lengkuas Varian-185,Tekstur terlalu kenyal (Ciri-185)
Pepaya Varian-186,Tetap segar aneh (Ciri-186)
Kangkung Varian-187,Rasa asin berlebih (Ciri-187)
Daun bawang Varian-188,Tidak berlendir setelah lama (Ciri-188)
Mie instan Varian-189,Warna neon menyilaukan (Ciri-189)
Bayam Varian-190,Tidak hancur saat diremas (Ciri-190)
Pisang Varian-191,Warna neon menyilaukan (Ciri-191)
Jeruk Varian-192,Warna belang aneh (Ciri-192)
Brokoli Varian-193,Warna tidak alami (Ciri-193)
Pepaya Varian-194,Tidak berlendir setelah lama (Ciri-194)
Buncis Varian-195,Tekstur lembek tak wajar (Ciri-195)
Jus jeruk Varian-196,Warna belang aneh (Ciri-196)
Bakso sapi Varian-197,Tidak berlendir setelah lama (Ciri-197)
Kepiting Varian-198,Tidak basi setelah 3 hari (Ciri-198)
Durian Varian-199,Tidak basi setelah 3 hari (Ciri-199)
Jus apel Varian-200,Tekstur lembek tak wajar (Ciri-200)
Rambutan Varian-201,Warna belang aneh (Ciri-201)
Kubis Varian-202,Tekstur keras abnormal (Ciri-202)
Susu kedelai Varian-203,Tetap segar aneh (Ciri-203)
Kunyit Varian-204,Warna belang aneh (Ciri-204)
Air mineral Varian-205,Warna belang aneh (Ciri-205)
Anggur Varian-206,Warna tidak alami (Ciri-206)
Daging ayam Varian-207,Tekstur licin tanpa lendir (Ciri-207)
Sirup merah Varian-208,Rasa asam mencolok (Ciri-208)
Anggur Varian-209,Tekstur lembek tak wajar (Ciri-209)
Asparagus Varian-210,Bau asam aneh (Ciri-210)
Terong Varian-211,Rasa asin berlebih (Ciri-211)
Blueberry Varian-212,Rasa pahit tidak wajar (Ciri-212)
Bakso sapi Varian-213,Rasa getir (Ciri-213)
Kacang panjang Varian-214,Tekstur lembek tak wajar (Ciri-214)
Belimbing Varian-215,Tetap segar aneh (Ciri-215)
Labu siam Varian-216,Tidak berlendir setelah lama (Ciri-216)
Brokoli Varian-217,Rasa pahit tidak wajar (Ciri-217)
Selada Varian-218,Tetap segar aneh (Ciri-218)
Brokoli Varian-219,Rasa getir (Ciri-219)
Blueberry Varian-220,Bau kimia menyengat (Ciri-220)
Seledri Varian-221,Rasa asam mencolok (Ciri-221)
Alpukat Varian-222,Tekstur licin tanpa lendir (Ciri-222)
Asparagus Varian-223,Warna neon menyilaukan (Ciri-223)
Semangka Varian-224,Bau kimia menyengat (Ciri-224)
Bakso sapi Varian-225,Rasa asam mencolok (Ciri-225)
Jambu Varian-226,Bau busuk tersembunyi (Ciri-226)
Air mineral Varian-227,Rasa asin berlebih (Ciri-227)
Jus jeruk Varian-228,Warna belang aneh (Ciri-228)
Rambutan Varian-229,Tekstur terlalu kenyal (Ciri-229)
Susu sapi Varian-230,Rasa asam mencolok (Ciri-230)
Kubis Varian-231,Warna belang aneh (Ciri-231)
Buncis Varian-232,Bau asam aneh (Ciri-232)
Paprika Varian-233,Tekstur terlalu kenyal (Ciri-233)
Apel Varian-234,Rasa asam mencolok (Ciri-234)
Daging sapi Varian-235,Tetap segar aneh (Ciri-235)
Lengkuas Varian-236,Tekstur licin tanpa lendir (Ciri-236)
Nanas Varian-237,Bau kimia menyengat (Ciri-237)
Jeruk Varian-238,Warna neon menyilaukan (Ciri-238)
Jeruk Varian-239,Rasa getir (Ciri-239)
Zucchini Varian-240,Warna neon menyilaukan (Ciri-240)
Mentimun Varian-241,Warna belang aneh (Ciri-241)
Tahu kuning Varian-242,Warna terlalu cerah (Ciri-242)
Seledri Varian-243,Rasa asin berlebih (Ciri-243)
Tahu kuning Varian-244,Bau asam aneh (Ciri-244)
Ikan salmon Varian-245,Warna tidak alami (Ciri-245)
Anggur Varian-246,Rasa asin berlebih (Ciri-246)
Kopi susu Varian-247,Tekstur keras abnormal (Ciri-247)
Sirup merah Varian-248,Tidak berlendir setelah lama (Ciri-248)
Mangga Varian-249,Rasa getir (Ciri-249)
Terong Varian-250,Warna neon menyilaukan (Ciri-250)
Tahu kuning Varian-251,Warna terlalu cerah (Ciri-251)
Selada Varian-252,Tekstur terlalu kenyal (Ciri-252)
Lobak Varian-253,Rasa pahit tidak wajar (Ciri-253)
Ikan patin Varian-254,Warna belang aneh (Ciri-254)
Selada Varian-255,Warna tidak alami (Ciri-255)
Jahe Varian-256,Tekstur keras abnormal (Ciri-256)
Zucchini Varian-257,Tidak hancur saat diremas (Ciri-257)
Kangkung Varian-258,Rasa asin berlebih (Ciri-258)
Semangka Varian-259,Tetap segar aneh (Ciri-259)
Kacang panjang Varian-260,Tidak hancur saat diremas (Ciri-260)
Brokoli Varian-261,Bau kimia menyengat (Ciri-261)
Kepiting Varian-262,Tekstur terlalu kenyal (Ciri-262)
Bayam Varian-263,Tetap segar aneh (Ciri-263)
Daging ayam Varian-264,Warna belang aneh (Ciri-264)
Pepaya Varian-265,Bau deterjen (Ciri-265)
Nugget ayam Varian-266,Tidak berlendir setelah lama (Ciri-266)
Zucchini Varian-267,Tetap segar aneh (Ciri-267)
Mangga Varian-268,Tidak berlendir setelah lama (Ciri-268)
Minuman soda Varian-269,Tekstur keras abnormal (Ciri-269)
Apel Varian-270,Tidak basi setelah 3 hari (Ciri-270)
Lengkuas Varian-271,Bau kimia menyengat (Ciri-271)
Susu sapi Varian-272,Bau asam aneh (Ciri-272)
Daun salam Varian-273,Tekstur lembek tak wajar (Ciri-273)
Ikan patin Varian-274,Warna terlalu cerah (Ciri-274)
Ikan patin Varian-275,Tekstur keras abnormal (Ciri-275)
Susu kedelai Varian-276,Rasa pahit tidak wajar (Ciri-276)
Tomat Varian-277,Rasa pahit tidak wajar (Ciri-277)
Mangga Varian-278,Bau deterjen (Ciri-278)
Kangkung Varian-279,Bau kimia menyengat (Ciri-279)
Buncis Varian-280,Tekstur keras abnormal (Ciri-280)
Zucchini Varian-281,Tidak berlendir setelah lama (Ciri-281)
Kacang panjang Varian-282,Tidak basi setelah 3 hari (Ciri-282)
Susu sapi Varian-283,Warna belang aneh (Ciri-283)
Udang Varian-284,Bau deterjen (Ciri-284)
Pare Varian-285,Bau kimia menyengat (Ciri-285)
Brokoli Varian-286,Bau busuk tersembunyi (Ciri-286)
Daun salam Varian-287,Warna tidak alami (Ciri-287)
Daging sapi Varian-288,Tekstur lembek tak wajar (Ciri-288)
Manggis Varian-289,Rasa getir (Ciri-289)
Tempe Varian-290,Bau asam aneh (Ciri-290)
Bakso ikan Varian-291,Tekstur lembek tak wajar (Ciri-291)
Ikan patin Varian-292,Tekstur keras abnormal (Ciri-292)
Mentimun Varian-293,Bau busuk tersembunyi (Ciri-293)
Lobak Varian-294,Warna neon menyilaukan (Ciri-294)
Brokoli Varian-295,Rasa pahit tidak wajar (Ciri-295)
Air mineral Varian-296,Bau deterjen (Ciri-296)
Buncis Varian-297,Bau deterjen (Ciri-297)
Lengkuas Varian-298,Warna tidak alami (Ciri-298)
Sosis sapi Varian-299,Tidak berlendir setelah lama (Ciri-299)
Air mineral Varian-300,Bau kimia menyengat (Ciri-300)
Pisang Varian-301,Tekstur licin tanpa lendir (Ciri-301)
Mangga Varian-302,Rasa pahit tidak wajar (Ciri-302)
Minuman soda Varian-303,Warna belang aneh (Ciri-303)
Pare Varian-304,Warna tidak alami (Ciri-304)
Anggur Varian-305,Tetap segar aneh (Ciri-305)
Kubis Varian-306,Tekstur lembek tak wajar (Ciri-306)
Zucchini Varian-307,Rasa pahit tidak wajar (Ciri-307)
Ikan patin Varian-308,Tekstur licin tanpa lendir (Ciri-308)
Labu siam Varian-309,Bau asam aneh (Ciri-309)
Labu siam Varian-310,Rasa getir (Ciri-310)
Daun salam Varian-311,Tidak berlendir setelah lama (Ciri-311)
Tahu putih Varian-312,Rasa asin berlebih (Ciri-312)
Ikan tuna Varian-313,Tekstur lembek tak wajar (Ciri-313)
Pepaya Varian-314,Warna tidak alami (Ciri-314)
Ikan lele Varian-315,Bau busuk tersembunyi (Ciri-315)
Brokoli Varian-316,Bau deterjen (Ciri-316)
Strawberry Varian-317,Tekstur licin tanpa lendir (Ciri-317)
Sosis sapi Varian-318,Tekstur licin tanpa lendir (Ciri-318)
Apel Varian-319,Rasa getir (Ciri-319)
Salak Varian-320,Rasa pahit tidak wajar (Ciri-320)
Sirup cocopandan Varian-321,Bau deterjen (Ciri-321)
Ikan salmon Varian-322,Tekstur licin tanpa lendir (Ciri-322)
Daging sapi Varian-323,Tekstur lembek tak wajar (Ciri-323)
Zucchini Varian-324,Rasa getir (Ciri-324)
Daun salam Varian-325,Bau deterjen (Ciri-325)
Nugget ayam Varian-326,Bau busuk tersembunyi (Ciri-326)
Melon Varian-327,Bau asam aneh (Ciri-327)
Daun jeruk Varian-328,Bau asam aneh (Ciri-328)
Ikan tuna Varian-329,Tekstur licin tanpa lendir (Ciri-329)
Ikan lele Varian-330,Bau deterjen (Ciri-330)
Kunyit Varian-331,Warna belang aneh (Ciri-331)
Cengkeh Varian-332,Bau deterjen (Ciri-332)
Kangkung Varian-333,Tidak basi setelah 3 hari (Ciri-333)
Terong Varian-334,Warna terlalu cerah (Ciri-334)
Belimbing Varian-335,Rasa pahit tidak wajar (Ciri-335)
Sawi Varian-336,Warna tidak alami (Ciri-336)
Bakso sapi Varian-337,Tidak hancur saat diremas (Ciri-337)
Ikan tuna Varian-338,Tekstur keras abnormal (Ciri-338)
Jinten Varian-339,Tetap segar aneh (Ciri-339)
Kopi susu Varian-340,Warna neon menyilaukan (Ciri-340)
Tahu kuning Varian-341,Bau deterjen (Ciri-341)
Daging sapi Varian-342,Bau busuk tersembunyi (Ciri-342)
Mangga Varian-343,Rasa asam mencolok (Ciri-343)
Ikan salmon Varian-344,Rasa asin berlebih (Ciri-344)
Nangka Varian-345,Tekstur lembek tak wajar (Ciri-345)
Sirup cocopandan Varian-346,Bau asam aneh (Ciri-346)
Kunyit Varian-347,Bau busuk tersembunyi (Ciri-347)
Bayam Varian-348,Warna terlalu cerah (Ciri-348)
Zucchini Varian-349,Warna neon menyilaukan (Ciri-349)
Kunyit Varian-350,Warna belang aneh (Ciri-350)
Manggis Varian-351,Warna tidak alami (Ciri-351)
Bakso sapi Varian-352,Tekstur terlalu kenyal (Ciri-352)
Jambu Varian-353,Tidak basi setelah 3 hari (Ciri-353)
Jambu Varian-354,Rasa asam mencolok (Ciri-354)
Seledri Varian-355,Tidak hancur saat diremas (Ciri-355)
Nugget ayam Varian-356,Warna terlalu cerah (Ciri-356)
Sirup cocopandan Varian-357,Rasa asam mencolok (Ciri-357)
Kunyit Varian-358,Bau asam aneh (Ciri-358)
Udang Varian-359,Rasa asam mencolok (Ciri-359)
Buncis Varian-360,Rasa asin berlebih (Ciri-360)
Sirsak Varian-361,Warna belang aneh (Ciri-361)
Sosis sapi Varian-362,Rasa getir (Ciri-362)
Mie basah Varian-363,Tekstur terlalu kenyal (Ciri-363)
Teh kemasan Varian-364,Tekstur licin tanpa lendir (Ciri-364)
Jinten Varian-365,Tidak hancur saat diremas (Ciri-365)
Terong Varian-366,Rasa asin berlebih (Ciri-366)
Jus apel Varian-367,Warna neon menyilaukan (Ciri-367)
Jus apel Varian-368,Tetap segar aneh (Ciri-368)
Asparagus Varian-369,Tekstur keras abnormal (Ciri-369)
Tomat Varian-370,Rasa pahit tidak wajar (Ciri-370)
Sirsak Varian-371,Warna neon menyilaukan (Ciri-371)
Jus jeruk Varian-372,Tekstur licin tanpa lendir (Ciri-372)
Kacang panjang Varian-373,Tekstur terlalu kenyal (Ciri-373)
Mangga Varian-374,Bau kimia menyengat (Ciri-374)
Udang Varian-375,Bau asam aneh (Ciri-375)
Ikan lele Varian-376,Rasa pahit tidak wajar (Ciri-376)
Salak Varian-377,Bau kimia menyengat (Ciri-377)
Melon Varian-378,Warna tidak alami (Ciri-378)
Tomat Varian-379,Tidak berlendir setelah lama (Ciri-379)
Kopi susu Varian-380,Tidak basi setelah 3 hari (Ciri-380)
Manggis Varian-381,Tidak basi setelah 3 hari (Ciri-381)
Wortel Varian-382,Tetap segar aneh (Ciri-382)
Lobak Varian-383,Tidak hancur saat diremas (Ciri-383)
Cengkeh Varian-384,Tekstur licin tanpa lendir (Ciri-384)
Jus apel Varian-385,Rasa asin berlebih (Ciri-385)
Semangka Varian-386,Warna belang aneh (Ciri-386)
Kunyit Varian-387,Warna neon menyilaukan (Ciri-387)
Ikan lele Varian-388,Rasa pahit tidak wajar (Ciri-388)
Melon Varian-389,Tekstur keras abnormal (Ciri-389)
Sirup merah Varian-390,Tidak hancur saat diremas (Ciri-390)
Daging sapi Varian-391,Tidak basi setelah 3 hari (Ciri-391)
Teh kemasan Varian-392,Rasa getir (Ciri-392)
Lengkuas Varian-393,Warna belang aneh (Ciri-393)
Daging sapi Varian-394,Bau asam aneh (Ciri-394)
Mangga Varian-395,Rasa asam mencolok (Ciri-395)
Jus apel Varian-396,Warna neon menyilaukan (Ciri-396)
Nanas Varian-397,Tidak hancur saat diremas (Ciri-397)
Daging ayam Varian-398,Warna neon menyilaukan (Ciri-398)
Minuman soda Varian-399,Rasa pahit tidak wajar (Ciri-399)
Pisang Varian-400,Tidak basi setelah 3 hari (Ciri-400)
Teh kemasan Varian-401,Bau asam aneh (Ciri-401)
Pare Varian-402,Rasa asin berlebih (Ciri-402)
Labu siam Varian-403,Warna terlalu cerah (Ciri-403)
Nugget ayam Varian-404,Tekstur keras abnormal (Ciri-404)
Jus apel Varian-405,Bau deterjen (Ciri-405)
Jus apel Varian-406,Rasa pahit tidak wajar (Ciri-406)
Sosis sapi Varian-407,Rasa getir (Ciri-407)
Mie basah Varian-408,Tekstur terlalu kenyal (Ciri-408)
Buncis Varian-409,Warna tidak alami (Ciri-409)
Bakso ikan Varian-410,Warna tidak alami (Ciri-410)
Cengkeh Varian-411,Bau kimia menyengat (Ciri-411)
Zucchini Varian-412,Rasa pahit tidak wajar (Ciri-412)
Ikan lele Varian-413,Tetap segar aneh (Ciri-413)
Ikan salmon Varian-414,Tekstur licin tanpa lendir (Ciri-414)
Mie instan Varian-415,Rasa asam mencolok (Ciri-415)
Mie instan Varian-416,Tidak hancur saat diremas (Ciri-416)
Susu kedelai Varian-417,Bau busuk tersembunyi (Ciri-417)
Seledri Varian-418,Warna neon menyilaukan (Ciri-418)
Ikan salmon Varian-419,Bau busuk tersembunyi (Ciri-419)
Buncis Varian-420,Bau asam aneh (Ciri-420)
Blueberry Varian-421,Rasa getir (Ciri-421)
Teh kemasan Varian-422,Bau asam aneh (Ciri-422)
Blueberry Varian-423,Tekstur terlalu kenyal (Ciri-423)
Pare Varian-424,Tidak hancur saat diremas (Ciri-424)
Bakso sapi Varian-425,Rasa asam mencolok (Ciri-425)
Anggur Varian-426,Bau deterjen (Ciri-426)
Mie instan Varian-427,Tekstur terlalu kenyal (Ciri-427)
Jahe Varian-428,Bau kimia menyengat (Ciri-428)
Ikan tuna Varian-429,Bau deterjen (Ciri-429)
Daun salam Varian-430,Rasa asin berlebih (Ciri-430)
Durian Varian-431,Warna neon menyilaukan (Ciri-431)
Pisang Varian-432,Rasa getir (Ciri-432)
Teh kemasan Varian-433,Tekstur terlalu kenyal (Ciri-433)
Pisang Varian-434,Tidak basi setelah 3 hari (Ciri-434)
Bakso sapi Varian-435,Warna neon menyilaukan (Ciri-435)
Semangka Varian-436,Bau deterjen (Ciri-436)
Bakso sapi Varian-437,Bau kimia menyengat (Ciri-437)
Udang Varian-438,Warna neon menyilaukan (Ciri-438)
Daun salam Varian-439,Tekstur keras abnormal (Ciri-439)
Kepiting Varian-440,Tidak berlendir setelah lama (Ciri-440)
Daun bawang Varian-441,Rasa asin berlebih (Ciri-441)
Selada Varian-442,Warna belang aneh (Ciri-442)
Mentimun Varian-443,Bau kimia menyengat (Ciri-443)
Cumi-cumi Varian-444,Bau asam aneh (Ciri-444)
Rambutan Varian-445,Bau asam aneh (Ciri-445)
Daun jeruk Varian-446,Tekstur keras abnormal (Ciri-446)
Ikan tuna Varian-447,Tekstur keras abnormal (Ciri-447)
Mie instan Varian-448,Tekstur lembek tak wajar (Ciri-448)
Tomat Varian-449,Bau asam aneh (Ciri-449)
Lengkuas Varian-450,Warna belang aneh (Ciri-450)
Bakso ikan Varian-451,Tekstur terlalu kenyal (Ciri-451)
Selada Varian-452,Tekstur terlalu kenyal (Ciri-452)
Anggur Varian-453,Tekstur licin tanpa lendir (Ciri-453)
Ikan patin Varian-454,Tetap segar aneh (Ciri-454)
Cumi-cumi Varian-455,Warna tidak alami (Ciri-455)
Daun salam Varian-456,Tidak berlendir setelah lama (Ciri-456)
Daun bawang Varian-457,Tekstur lembek tak wajar (Ciri-457)
Mentimun Varian-458,Warna belang aneh (Ciri-458)
Sirup merah Varian-459,Tidak hancur saat diremas (Ciri-459)
Semangka Varian-460,Tekstur lembek tak wajar (Ciri-460)
Kopi susu Varian-461,Warna tidak alami (Ciri-461)
Kunyit Varian-462,Warna neon menyilaukan (Ciri-462)
Wortel Varian-463,Rasa pahit tidak wajar (Ciri-463)
Zucchini Varian-464,Tidak hancur saat diremas (Ciri-464)
Udang Varian-465,Warna neon menyilaukan (Ciri-465)
Bayam Varian-466,Tekstur keras abnormal (Ciri-466)
Paprika Varian-467,Rasa asam mencolok (Ciri-467)
Cengkeh Varian-468,Tekstur lembek tak wajar (Ciri-468)
Mangga Varian-469,Tekstur lembek tak wajar (Ciri-469)
Minuman soda Varian-470,Bau kimia menyengat (Ciri-470)
Bakso sapi Varian-471,Warna belang aneh (Ciri-471)
Semangka Varian-472,Tidak hancur saat diremas (Ciri-472)
Bakso sapi Varian-473,Tekstur lembek tak wajar (Ciri-473)
Salak Varian-474,Tetap segar aneh (Ciri-474)
Daun salam Varian-475,Bau deterjen (Ciri-475)
Pisang Varian-476,Tetap segar aneh (Ciri-476)
Labu siam Varian-477,Bau asam aneh (Ciri-477)
Pisang Varian-478,Warna belang aneh (Ciri-478)
Rambutan Varian-479,Warna neon menyilaukan (Ciri-479)
Strawberry Varian-480,Tidak hancur saat diremas (Ciri-480)
Teh kemasan Varian-481,Rasa pahit tidak wajar (Ciri-481)
Labu siam Varian-482,Tekstur lembek tak wajar (Ciri-482)
Alpukat Varian-483,Tekstur terlalu kenyal (Ciri-483)
Paprika Varian-484,Warna tidak alami (Ciri-484)
Daging kambing Varian-485,Rasa asin berlebih (Ciri-485)
Mentimun Varian-486,Bau kimia menyengat (Ciri-486)
Mangga Varian-487,Tidak berlendir setelah lama (Ciri-487)
Ikan patin Varian-488,Tidak hancur saat diremas (Ciri-488)
Air mineral Varian-489,Warna belang aneh (Ciri-489)
Nanas Varian-490,Rasa getir (Ciri-490)
Asparagus Varian-491,Bau kimia menyengat (Ciri-491)
Ikan tuna Varian-492,Tekstur lembek tak wajar (Ciri-492)
Wortel Varian-493,Tidak hancur saat diremas (Ciri-493)
Susu kedelai Varian-494,Rasa pahit tidak wajar (Ciri-494)
Terong Varian-495,Warna neon menyilaukan (Ciri-495)
Buncis Varian-496,Warna belang aneh (Ciri-496)
Mentimun Varian-497,Tekstur terlalu kenyal (Ciri-497)
Durian Varian-498,Warna tidak alami (Ciri-498)
Salak Varian-499,Bau busuk tersembunyi (Ciri-499)
Durian Varian-500,Bau asam aneh (Ciri-500)
Air mineral Varian-501,Tetap segar aneh (Ciri-501)
Salak Varian-502,Rasa asin berlebih (Ciri-502)
Minuman soda Varian-503,Tidak berlendir setelah lama (Ciri-503)
Brokoli Varian-504,Warna belang aneh (Ciri-504)
Kunyit Varian-505,Warna tidak alami (Ciri-505)
Sirsak Varian-506,Warna neon menyilaukan (Ciri-506)
Sirup cocopandan Varian-507,Rasa asin berlebih (Ciri-507)
Salak Varian-508,Rasa asin berlebih (Ciri-508)
Kangkung Varian-509,Tekstur licin tanpa lendir (Ciri-509)
Belimbing Varian-510,Tidak berlendir setelah lama (Ciri-510)
Asparagus Varian-511,Rasa pahit tidak wajar (Ciri-511)
Belimbing Varian-512,Tekstur terlalu kenyal (Ciri-512)
Buncis Varian-513,Rasa pahit tidak wajar (Ciri-513)
Kacang panjang Varian-514,Warna neon menyilaukan (Ciri-514)
Bakso sapi Varian-515,Warna tidak alami (Ciri-515)
Ikan salmon Varian-516,Tetap segar aneh (Ciri-516)
Seledri Varian-517,Rasa asam mencolok (Ciri-517)
Nugget ayam Varian-518,Bau kimia menyengat (Ciri-518)
Serai Varian-519,Bau kimia menyengat (Ciri-519)
Jus jeruk Varian-520,Bau busuk tersembunyi (Ciri-520)
Sosis ayam Varian-521,Tekstur lembek tak wajar (Ciri-521)
Daging sapi Varian-522,Warna belang aneh (Ciri-522)
Jus apel Varian-523,Tidak hancur saat diremas (Ciri-523)
Lobak Varian-524,Bau busuk tersembunyi (Ciri-524)
Strawberry Varian-525,Tekstur terlalu kenyal (Ciri-525)
Bakso ikan Varian-526,Tekstur lembek tak wajar (Ciri-526)
Alpukat Varian-527,Warna belang aneh (Ciri-527)
Kepiting Varian-528,Tetap segar aneh (Ciri-528)
Daun jeruk Varian-529,Bau asam aneh (Ciri-529)
Ikan lele Varian-530,Rasa asin berlebih (Ciri-530)
Labu siam Varian-531,Tetap segar aneh (Ciri-531)
Sirup merah Varian-532,Rasa pahit tidak wajar (Ciri-532)
Terong Varian-533,Warna neon menyilaukan (Ciri-533)
Jus jeruk Varian-534,Bau busuk tersembunyi (Ciri-534)
Tahu putih Varian-535,Tetap segar aneh (Ciri-535)
Buncis Varian-536,Rasa asin berlebih (Ciri-536)
Mentimun Varian-537,Warna belang aneh (Ciri-537)
Paprika Varian-538,Tekstur terlalu kenyal (Ciri-538)
Tempe Varian-539,Rasa asam mencolok (Ciri-539)
Asparagus Varian-540,Warna tidak alami (Ciri-540)
Belimbing Varian-541,Warna tidak alami (Ciri-541)
Jus apel Varian-542,Tidak hancur saat diremas (Ciri-542)
Rambutan Varian-543,Tekstur keras abnormal (Ciri-543)
Kopi susu Varian-544,Rasa asin berlebih (Ciri-544)
Tahu kuning Varian-545,Tekstur terlalu kenyal (Ciri-545)
Susu kedelai Varian-546,Tidak berlendir setelah lama (Ciri-546)
Jambu Varian-547,Tekstur lembek tak wajar (Ciri-547)
Sirup merah Varian-548,Warna tidak alami (Ciri-548)
Jinten Varian-549,Bau asam aneh (Ciri-549)
Sirsak Varian-550,Warna tidak alami (Ciri-550)
Ketumbar Varian-551,Bau asam aneh (Ciri-551)
Nanas Varian-552,Warna belang aneh (Ciri-552)
Air mineral Varian-553,Bau deterjen (Ciri-553)
Blueberry Varian-554,Tetap segar aneh (Ciri-554)
Minuman soda Varian-555,Rasa asin berlebih (Ciri-555)
Sawi Varian-556,Tetap segar aneh (Ciri-556)
Nangka Varian-557,Bau kimia menyengat (Ciri-557)
Manggis Varian-558,Rasa getir (Ciri-558)
Kopi susu Varian-559,Rasa pahit tidak wajar (Ciri-559)
Blueberry Varian-560,Tidak berlendir setelah lama (Ciri-560)
Daun salam Varian-561,Rasa asin berlebih (Ciri-561)
Durian Varian-562,Tetap segar aneh (Ciri-562)
Lengkuas Varian-563,Warna belang aneh (Ciri-563)
Sawi Varian-564,Tetap segar aneh (Ciri-564)
Seledri Varian-565,Rasa asam mencolok (Ciri-565)
Kunyit Varian-566,Tidak hancur saat diremas (Ciri-566)
Jinten Varian-567,Tetap segar aneh (Ciri-567)
Jus apel Varian-568,Warna belang aneh (Ciri-568)
Mangga Varian-569,Warna tidak alami (Ciri-569)
Asparagus Varian-570,Tekstur lembek tak wajar (Ciri-570)
Selada Varian-571,Tidak berlendir setelah lama (Ciri-571)
Pare Varian-572,Bau kimia menyengat (Ciri-572)
Nugget ayam Varian-573,Rasa asam mencolok (Ciri-573)
Alpukat Varian-574,Tekstur licin tanpa lendir (Ciri-574)
Lengkuas Varian-575,Tekstur keras abnormal (Ciri-575)
Pepaya Varian-576,Tekstur lembek tak wajar (Ciri-576)
Cengkeh Varian-577,Warna neon menyilaukan (Ciri-577)
Ikan patin Varian-578,Warna neon menyilaukan (Ciri-578)
Sawi Varian-579,Warna tidak alami (Ciri-579)
Selada Varian-580,Warna terlalu cerah (Ciri-580)
Sosis sapi Varian-581,Warna belang aneh (Ciri-581)
Anggur Varian-582,Rasa getir (Ciri-582)
Semangka Varian-583,Tidak berlendir setelah lama (Ciri-583)
Jahe Varian-584,Bau deterjen (Ciri-584)
Semangka Varian-585,Tidak hancur saat diremas (Ciri-585)
Kubis Varian-586,Tidak hancur saat diremas (Ciri-586)
Cengkeh Varian-587,Bau busuk tersembunyi (Ciri-587)
Kacang panjang Varian-588,Bau busuk tersembunyi (Ciri-588)
Strawberry Varian-589,Bau deterjen (Ciri-589)
Tempe Varian-590,Tekstur keras abnormal (Ciri-590)
Alpukat Varian-591,Rasa asin berlebih (Ciri-591)
Terong Varian-592,Rasa pahit tidak wajar (Ciri-592)
Bakso sapi Varian-593,Rasa asin berlebih (Ciri-593)
Kacang panjang Varian-594,Tekstur terlalu kenyal (Ciri-594)
Jinten Varian-595,Bau deterjen (Ciri-595)
Pare Varian-596,Tetap segar aneh (Ciri-596)
Sirup cocopandan Varian-597,Warna neon menyilaukan (Ciri-597)
Rambutan Varian-598,Tidak hancur saat diremas (Ciri-598)
Susu sapi Varian-599,Bau busuk tersembunyi (Ciri-599)
Mentimun Varian-600,Tekstur licin tanpa lendir (Ciri-600)
Lobak Varian-601,Tekstur licin tanpa lendir (Ciri-601)
Jinten Varian-602,Bau busuk tersembunyi (Ciri-602)
Nangka Varian-603,Bau asam aneh (Ciri-603)
Daging kambing Varian-604,Tekstur lembek tak wajar (Ciri-604)
Sirup cocopandan Varian-605,Tetap segar aneh (Ciri-605)
Jinten Varian-606,Warna terlalu cerah (Ciri-606)
Bakso sapi Varian-607,Warna terlalu cerah (Ciri-607)
Wortel Varian-608,Bau asam aneh (Ciri-608)
Kangkung Varian-609,Tetap segar aneh (Ciri-609)
Blueberry Varian-610,Warna tidak alami (Ciri-610)
Mie instan Varian-611,Bau asam aneh (Ciri-611)
Cengkeh Varian-612,Tekstur licin tanpa lendir (Ciri-612)
Ikan tuna Varian-613,Tekstur lembek tak wajar (Ciri-613)
Mie instan Varian-614,Rasa asin berlebih (Ciri-614)
Air mineral Varian-615,Rasa getir (Ciri-615)
Udang Varian-616,Tetap segar aneh (Ciri-616)
Melon Varian-617,Warna tidak alami (Ciri-617)
Minuman soda Varian-618,Tidak berlendir setelah lama (Ciri-618)
Sosis sapi Varian-619,Warna belang aneh (Ciri-619)
Nugget ayam Varian-620,Rasa asam mencolok (Ciri-620)
Kubis Varian-621,Rasa pahit tidak wajar (Ciri-621)
Blueberry Varian-622,Warna terlalu cerah (Ciri-622)
Semangka Varian-623,Warna neon menyilaukan (Ciri-623)
Mentimun Varian-624,Rasa asam mencolok (Ciri-624)
Nugget ayam Varian-625,Tidak hancur saat diremas (Ciri-625)
Bakso ikan Varian-626,Bau busuk tersembunyi (Ciri-626)
Mangga Varian-627,Rasa asam mencolok (Ciri-627)
Tahu putih Varian-628,Warna tidak alami (Ciri-628)
Tempe Varian-629,Tidak basi setelah 3 hari (Ciri-629)
Sosis sapi Varian-630,Warna tidak alami (Ciri-630)
Lobak Varian-631,Warna tidak alami (Ciri-631)
Jus jeruk Varian-632,Tidak hancur saat diremas (Ciri-632)
Nanas Varian-633,Bau busuk tersembunyi (Ciri-633)
Kubis Varian-634,Warna terlalu cerah (Ciri-634)
Kopi susu Varian-635,Tetap segar aneh (Ciri-635)
Jambu Varian-636,Warna belang aneh (Ciri-636)
Lobak Varian-637,Tekstur licin tanpa lendir (Ciri-637)
Blueberry Varian-638,Tidak hancur saat diremas (Ciri-638)
Bakso sapi Varian-639,Tidak berlendir setelah lama (Ciri-639)
Ikan tuna Varian-640,Warna tidak alami (Ciri-640)
Seledri Varian-641,Tekstur lembek tak wajar (Ciri-641)
Lengkuas Varian-642,Tekstur keras abnormal (Ciri-642)
Brokoli Varian-643,Tekstur lembek tak wajar (Ciri-643)
Alpukat Varian-644,Warna tidak alami (Ciri-644)
Brokoli Varian-645,Warna terlalu cerah (Ciri-645)
Mangga Varian-646,Rasa getir (Ciri-646)
Kacang panjang Varian-647,Bau busuk tersembunyi (Ciri-647)
Jus apel Varian-648,Rasa pahit tidak wajar (Ciri-648)
Durian Varian-649,Bau busuk tersembunyi (Ciri-649)
Seledri Varian-650,Tetap segar aneh (Ciri-650)
Mentimun Varian-651,Tekstur terlalu kenyal (Ciri-651)
Bakso sapi Varian-652,Bau deterjen (Ciri-652)
Daun salam Varian-653,Tidak hancur saat diremas (Ciri-653)
Teh kemasan Varian-654,Bau asam aneh (Ciri-654)
Kopi susu Varian-655,Warna terlalu cerah (Ciri-655)
Udang Varian-656,Tekstur lembek tak wajar (Ciri-656)
Mie basah Varian-657,Bau kimia menyengat (Ciri-657)
Serai Varian-658,Tekstur licin tanpa lendir (Ciri-658)
Daging ayam Varian-659,Bau busuk tersembunyi (Ciri-659)
Sawi Varian-660,Warna neon menyilaukan (Ciri-660)
Pare Varian-661,Warna neon menyilaukan (Ciri-661)
Melon Varian-662,Tidak berlendir setelah lama (Ciri-662)
Mie instan Varian-663,Rasa asam mencolok (Ciri-663)
Mangga Varian-664,Tekstur licin tanpa lendir (Ciri-664)
Sirup cocopandan Varian-665,Bau deterjen (Ciri-665)
Daging kambing Varian-666,Tidak basi setelah 3 hari (Ciri-666)
Sirup cocopandan Varian-667,Tidak basi setelah 3 hari (Ciri-667)
Jambu Varian-668,Rasa asam mencolok (Ciri-668)
Nanas Varian-669,Rasa asam mencolok (Ciri-669)
Susu sapi Varian-670,Bau busuk tersembunyi (Ciri-670)
Pare Varian-671,Tekstur lembek tak wajar (Ciri-671)
Brokoli Varian-672,Warna tidak alami (Ciri-672)
Jus apel Varian-673,Rasa getir (Ciri-673)
Daging kambing Varian-674,Tidak hancur saat diremas (Ciri-674)
Air mineral Varian-675,Tidak basi setelah 3 hari (Ciri-675)
Susu kedelai Varian-676,Bau kimia menyengat (Ciri-676)
Melon Varian-677,Tidak hancur saat diremas (Ciri-677)
Asparagus Varian-678,Rasa getir (Ciri-678)
Anggur Varian-679,Tekstur lembek tak wajar (Ciri-679)
Sirup cocopandan Varian-680,Rasa getir (Ciri-680)
Tahu putih Varian-681,Tidak basi setelah 3 hari (Ciri-681)
Kunyit Varian-682,Tekstur keras abnormal (Ciri-682)
Pisang Varian-683,Tekstur lembek tak wajar (Ciri-683)
Pisang Varian-684,Warna terlalu cerah (Ciri-684)
Paprika Varian-685,Rasa pahit tidak wajar (Ciri-685)
Ikan patin Varian-686,Bau busuk tersembunyi (Ciri-686)
Daging kambing Varian-687,Tidak berlendir setelah lama (Ciri-687)
Kubis Varian-688,Warna neon menyilaukan (Ciri-688)
Mangga Varian-689,Tidak basi setelah 3 hari (Ciri-689)
Tahu kuning Varian-690,Bau deterjen (Ciri-690)
Kepiting Varian-691,Tetap segar aneh (Ciri-691)
Sirsak Varian-692,Tekstur keras abnormal (Ciri-692)
Ikan lele Varian-693,Tidak hancur saat diremas (Ciri-693)
Daun salam Varian-694,Tidak berlendir setelah lama (Ciri-694)
Kepiting Varian-695,Rasa getir (Ciri-695)
Mie instan Varian-696,Warna neon menyilaukan (Ciri-696)
Lobak Varian-697,Tekstur lembek tak wajar (Ciri-697)
Tahu putih Varian-698,Warna neon menyilaukan (Ciri-698)
Labu siam Varian-699,Tidak basi setelah 3 hari (Ciri-699)
Daging kambing Varian-700,Bau kimia menyengat (Ciri-700)
Kacang panjang Varian-701,Tekstur lembek tak wajar (Ciri-701)
Jambu Varian-702,Rasa asam mencolok (Ciri-702)
Belimbing Varian-703,Tekstur licin tanpa lendir (Ciri-703)
Mie instan Varian-704,Tekstur lembek tak wajar (Ciri-704)
Mentimun Varian-705,Bau kimia menyengat (Ciri-705)
Cumi-cumi Varian-706,Bau deterjen (Ciri-706)
Blueberry Varian-707,Bau kimia menyengat (Ciri-707)
Pare Varian-708,Rasa asin berlebih (Ciri-708)
Susu kedelai Varian-709,Warna neon menyilaukan (Ciri-709)
Tomat Varian-710,Tekstur keras abnormal (Ciri-710)
Daging sapi Varian-711,Rasa pahit tidak wajar (Ciri-711)
Kubis Varian-712,Tekstur lembek tak wajar (Ciri-712)
Apel Varian-713,Bau busuk tersembunyi (Ciri-713)
Kubis Varian-714,Rasa getir (Ciri-714)
Wortel Varian-715,Rasa asam mencolok (Ciri-715)
Bakso ikan Varian-716,Bau kimia menyengat (Ciri-716)
Lengkuas Varian-717,Warna neon menyilaukan (Ciri-717)
Nugget ayam Varian-718,Rasa asam mencolok (Ciri-718)
Jinten Varian-719,Tidak basi setelah 3 hari (Ciri-719)
Buncis Varian-720,Bau asam aneh (Ciri-720)
Susu kedelai Varian-721,Tekstur terlalu kenyal (Ciri-721)
Tempe Varian-722,Tekstur licin tanpa lendir (Ciri-722)
Rambutan Varian-723,Bau asam aneh (Ciri-723)
Cengkeh Varian-724,Warna tidak alami (Ciri-724)
Ikan patin Varian-725,Warna tidak alami (Ciri-725)
Pare Varian-726,Tetap segar aneh (Ciri-726)
Wortel Varian-727,Rasa asin berlebih (Ciri-727)
Pisang Varian-728,Tekstur terlalu kenyal (Ciri-728)
Alpukat Varian-729,Warna terlalu cerah (Ciri-729)
Belimbing Varian-730,Warna belang aneh (Ciri-730)
Minuman soda Varian-731,Bau deterjen (Ciri-731)
Nanas Varian-732,Warna tidak alami (Ciri-732)
Minuman soda Varian-733,Rasa asin berlebih (Ciri-733)
Ikan tuna Varian-734,Warna terlalu cerah (Ciri-734)
Alpukat Varian-735,Rasa getir (Ciri-735)
Strawberry Varian-736,Rasa pahit tidak wajar (Ciri-736)
Bayam Varian-737,Rasa pahit tidak wajar (Ciri-737)
Jinten Varian-738,Bau kimia menyengat (Ciri-738)
Wortel Varian-739,Tekstur keras abnormal (Ciri-739)
Cumi-cumi Varian-740,Warna neon menyilaukan (Ciri-740)
Seledri Varian-741,Rasa pahit tidak wajar (Ciri-741)
Sawi Varian-742,Bau asam aneh (Ciri-742)
Daun salam Varian-743,Warna terlalu cerah (Ciri-743)
Daging kambing Varian-744,Bau busuk tersembunyi (Ciri-744)
Daun jeruk Varian-745,Rasa getir (Ciri-745)
Cengkeh Varian-746,Rasa asin berlebih (Ciri-746)
Nangka Varian-747,Tetap segar aneh (Ciri-747)
Terong Varian-748,Tekstur terlalu kenyal (Ciri-748)
Tahu putih Varian-749,Tekstur lembek tak wajar (Ciri-749)
Susu sapi Varian-750,Rasa getir (Ciri-750)
Jeruk Varian-751,Bau busuk tersembunyi (Ciri-751)
Sawi Varian-752,Warna neon menyilaukan (Ciri-752)
Ikan salmon Varian-753,Rasa getir (Ciri-753)
Udang Varian-754,Rasa asin berlebih (Ciri-754)
Tomat Varian-755,Warna belang aneh (Ciri-755)
Semangka Varian-756,Rasa asam mencolok (Ciri-756)
Apel Varian-757,Rasa pahit tidak wajar (Ciri-757)
Pepaya Varian-758,Tekstur terlalu kenyal (Ciri-758)
Daging ayam Varian-759,Rasa asin berlebih (Ciri-759)
Asparagus Varian-760,Bau busuk tersembunyi (Ciri-760)
Pisang Varian-761,Warna neon menyilaukan (Ciri-761)
Susu kedelai Varian-762,Warna tidak alami (Ciri-762)
Jeruk Varian-763,Bau busuk tersembunyi (Ciri-763)
Seledri Varian-764,Tidak berlendir setelah lama (Ciri-764)
Serai Varian-765,Warna tidak alami (Ciri-765)
Mangga Varian-766,Tidak basi setelah 3 hari (Ciri-766)
Terong Varian-767,Tidak hancur saat diremas (Ciri-767)
Paprika Varian-768,Rasa asin berlebih (Ciri-768)
Lobak Varian-769,Warna tidak alami (Ciri-769)
Tahu kuning Varian-770,Tidak basi setelah 3 hari (Ciri-770)
Asparagus Varian-771,Tekstur terlalu kenyal (Ciri-771)
Tomat Varian-772,Warna belang aneh (Ciri-772)
Lobak Varian-773,Rasa asin berlebih (Ciri-773)
Sirup cocopandan Varian-774,Bau asam aneh (Ciri-774)
Lengkuas Varian-775,Rasa asin berlebih (Ciri-775)
Lengkuas Varian-776,Tidak berlendir setelah lama (Ciri-776)
Blueberry Varian-777,Tekstur terlalu kenyal (Ciri-777)
Kacang panjang Varian-778,Warna neon menyilaukan (Ciri-778)
Kayu manis Varian-779,Warna neon menyilaukan (Ciri-779)
Apel Varian-780,Warna terlalu cerah (Ciri-780)
Sirup cocopandan Varian-781,Bau kimia menyengat (Ciri-781)
Sirsak Varian-782,Tidak berlendir setelah lama (Ciri-782)
Jus jeruk Varian-783,Tidak basi setelah 3 hari (Ciri-783)
Jeruk Varian-784,Warna neon menyilaukan (Ciri-784)
Blueberry Varian-785,Bau kimia menyengat (Ciri-785)
Tomat Varian-786,Rasa getir (Ciri-786)
Paprika Varian-787,Rasa asam mencolok (Ciri-787)
Kopi susu Varian-788,Tidak basi setelah 3 hari (Ciri-788)
Tahu putih Varian-789,Warna tidak alami (Ciri-789)
Ketumbar Varian-790,Bau kimia menyengat (Ciri-790)
Asparagus Varian-791,Bau deterjen (Ciri-791)
Ikan lele Varian-792,Tekstur terlalu kenyal (Ciri-792)
Daun jeruk Varian-793,Tekstur terlalu kenyal (Ciri-793)
Daun salam Varian-794,Warna belang aneh (Ciri-794)
Selada Varian-795,Tekstur lembek tak wajar (Ciri-795)
Terong Varian-796,Warna tidak alami (Ciri-796)
Sirup cocopandan Varian-797,Tetap segar aneh (Ciri-797)
Sirup merah Varian-798,Rasa getir (Ciri-798)
Daging kambing Varian-799,Warna neon menyilaukan (Ciri-799)
Kunyit Varian-800,Tidak basi setelah 3 hari (Ciri-800)
Daun bawang Varian-801,Rasa asin berlebih (Ciri-801)
Terong Varian-802,Bau kimia menyengat (Ciri-802)
Daun bawang Varian-803,Tekstur licin tanpa lendir (Ciri-803)
Ikan salmon Varian-804,Tekstur terlalu kenyal (Ciri-804)
Teh kemasan Varian-805,Warna neon menyilaukan (Ciri-805)
Zucchini Varian-806,Tidak hancur saat diremas (Ciri-806)
Daun bawang Varian-807,Warna terlalu cerah (Ciri-807)
Nangka Varian-808,Tidak basi setelah 3 hari (Ciri-808)
Belimbing Varian-809,Warna terlalu cerah (Ciri-809)
Ikan salmon Varian-810,Tekstur lembek tak wajar (Ciri-810)
Sawi Varian-811,Tetap segar aneh (Ciri-811)
Bakso ikan Varian-812,Tidak berlendir setelah lama (Ciri-812)
Bayam Varian-813,Rasa getir (Ciri-813)
Kunyit Varian-814,Tidak hancur saat diremas (Ciri-814)
Daging ayam Varian-815,Warna belang aneh (Ciri-815)
Kangkung Varian-816,Rasa getir (Ciri-816)
Apel Varian-817,Tekstur terlalu kenyal (Ciri-817)
Sirup cocopandan Varian-818,Warna belang aneh (Ciri-818)
Mie basah Varian-819,Rasa getir (Ciri-819)
Daging sapi Varian-820,Bau busuk tersembunyi (Ciri-820)
Udang Varian-821,Tekstur terlalu kenyal (Ciri-821)
Pare Varian-822,Bau deterjen (Ciri-822)
Daging ayam Varian-823,Warna terlalu cerah (Ciri-823)
Seledri Varian-824,Rasa pahit tidak wajar (Ciri-824)
Serai Varian-825,Warna terlalu cerah (Ciri-825)
Zucchini Varian-826,Tekstur terlalu kenyal (Ciri-826)
Lengkuas Varian-827,Warna tidak alami (Ciri-827)
Sawi Varian-828,Tetap segar aneh (Ciri-828)
Serai Varian-829,Rasa asam mencolok (Ciri-829)
Cengkeh Varian-830,Tekstur lembek tak wajar (Ciri-830)
Wortel Varian-831,Rasa asin berlebih (Ciri-831)
Seledri Varian-832,Rasa asam mencolok (Ciri-832)
Ikan salmon Varian-833,Warna belang aneh (Ciri-833)
Air mineral Varian-834,Bau busuk tersembunyi (Ciri-834)
Nangka Varian-835,Rasa asam mencolok (Ciri-835)
Asparagus Varian-836,Tekstur terlalu kenyal (Ciri-836)
Ikan tuna Varian-837,Tekstur lembek tak wajar (Ciri-837)
Blueberry Varian-838,Tetap segar aneh (Ciri-838)
Wortel Varian-839,Tekstur keras abnormal (Ciri-839)
Alpukat Varian-840,Warna neon menyilaukan (Ciri-840)
Cengkeh Varian-841,Rasa asam mencolok (Ciri-841)
Mentimun Varian-842,Bau deterjen (Ciri-842)
Serai Varian-843,Tidak berlendir setelah lama (Ciri-843)
Sawi Varian-844,Tidak basi setelah 3 hari (Ciri-844)
Nanas Varian-845,Rasa asam mencolok (Ciri-845)
Pare Varian-846,Bau deterjen (Ciri-846)
Sirup cocopandan Varian-847,Tekstur licin tanpa lendir (Ciri-847)
Pepaya Varian-848,Rasa asin berlebih (Ciri-848)
Nangka Varian-849,Bau deterjen (Ciri-849)
Ikan tuna Varian-850,Bau deterjen (Ciri-850)
Alpukat Varian-851,Rasa asin berlebih (Ciri-851)
Pisang Varian-852,Rasa pahit tidak wajar (Ciri-852)
Kubis Varian-853,Bau kimia menyengat (Ciri-853)
Sosis sapi Varian-854,Warna belang aneh (Ciri-854)
Daging ayam Varian-855,Rasa asam mencolok (Ciri-855)
Kubis Varian-856,Warna tidak alami (Ciri-856)
Air mineral Varian-857,Tekstur lembek tak wajar (Ciri-857)
Daun bawang Varian-858,Warna terlalu cerah (Ciri-858)
Pepaya Varian-859,Tekstur licin tanpa lendir (Ciri-859)
Strawberry Varian-860,Tidak basi setelah 3 hari (Ciri-860)
Bayam Varian-861,Tetap segar aneh (Ciri-861)
Kacang panjang Varian-862,Tekstur licin tanpa lendir (Ciri-862)
Salak Varian-863,Bau busuk tersembunyi (Ciri-863)
Alpukat Varian-864,Warna neon menyilaukan (Ciri-864)
Daging ayam Varian-865,Rasa getir (Ciri-865)
Rambutan Varian-866,Rasa getir (Ciri-866)
Kepiting Varian-867,Tetap segar aneh (Ciri-867)
Sosis sapi Varian-868,Bau asam aneh (Ciri-868)
Kunyit Varian-869,Rasa asin berlebih (Ciri-869)
Daging ayam Varian-870,Tidak basi setelah 3 hari (Ciri-870)
Zucchini Varian-871,Tetap segar aneh (Ciri-871)
Buncis Varian-872,Rasa asin berlebih (Ciri-872)
Minuman soda Varian-873,Warna neon menyilaukan (Ciri-873)
Jus jeruk Varian-874,Warna tidak alami (Ciri-874)
Serai Varian-875,Tekstur licin tanpa lendir (Ciri-875)
Anggur Varian-876,Rasa getir (Ciri-876)
Ikan lele Varian-877,Rasa asam mencolok (Ciri-877)
Tahu putih Varian-878,Tekstur keras abnormal (Ciri-878)
Sosis ayam Varian-879,Tekstur keras abnormal (Ciri-879)
Lobak Varian-880,Warna terlalu cerah (Ciri-880)
Kangkung Varian-881,Warna terlalu cerah (Ciri-881)
Apel Varian-882,Rasa pahit tidak wajar (Ciri-882)
Ikan lele Varian-883,Warna terlalu cerah (Ciri-883)
Nugget ayam Varian-884,Tidak hancur saat diremas (Ciri-884)
Sirup merah Varian-885,Warna terlalu cerah (Ciri-885)
Cengkeh Varian-886,Bau deterjen (Ciri-886)
Kopi susu Varian-887,Bau busuk tersembunyi (Ciri-887)
Sawi Varian-888,Bau asam aneh (Ciri-888)
Ikan patin Varian-889,Tidak berlendir setelah lama (Ciri-889)
Air mineral Varian-890,Rasa getir (Ciri-890)
Jus apel Varian-891,Rasa asam mencolok (Ciri-891)
Mangga Varian-892,Bau busuk tersembunyi (Ciri-892)
Daun salam Varian-893,Rasa pahit tidak wajar (Ciri-893)
Cengkeh Varian-894,Bau kimia menyengat (Ciri-894)
Mentimun Varian-895,Tekstur licin tanpa lendir (Ciri-895)
Jus apel Varian-896,Tekstur lembek tak wajar (Ciri-896)
Kunyit Varian-897,Warna belang aneh (Ciri-897)
Bayam Varian-898,Bau deterjen (Ciri-898)
Zucchini Varian-899,Tidak basi setelah 3 hari (Ciri-899)
Air mineral Varian-900,Warna tidak alami (Ciri-900)
Semangka Varian-901,Bau kimia menyengat (Ciri-901)
Manggis Varian-902,Warna neon menyilaukan (Ciri-902)
Jambu Varian-903,Rasa asin berlebih (Ciri-903)
Jambu Varian-904,Tidak basi setelah 3 hari (Ciri-904)
Jeruk Varian-905,Bau kimia menyengat (Ciri-905)
Jambu Varian-906,Tidak basi setelah 3 hari (Ciri-906)
Sirup cocopandan Varian-907,Tidak basi setelah 3 hari (Ciri-907)
Kayu manis Varian-908,Tidak hancur saat diremas (Ciri-908)
Mentimun Varian-909,Tidak basi setelah 3 hari (Ciri-909)
Asparagus Varian-910,Bau busuk tersembunyi (Ciri-910)
Kangkung Varian-911,Warna belang aneh (Ciri-911)
Jus jeruk Varian-912,Rasa asam mencolok (Ciri-912)
Daging sapi Varian-913,Tekstur keras abnormal (Ciri-913)
Ikan tuna Varian-914,Tekstur licin tanpa lendir (Ciri-914)
Daun salam Varian-915,Bau asam aneh (Ciri-915)
Bakso ikan Varian-916,Rasa pahit tidak wajar (Ciri-916)
Daging kambing Varian-917,Bau kimia menyengat (Ciri-917)
Paprika Varian-918,Warna belang aneh (Ciri-918)
Seledri Varian-919,Rasa getir (Ciri-919)
Durian Varian-920,Tekstur terlalu kenyal (Ciri-920)
Daun jeruk Varian-921,Bau asam aneh (Ciri-921)
Nangka Varian-922,Tekstur terlalu kenyal (Ciri-922)
Daun salam Varian-923,Tidak hancur saat diremas (Ciri-923)
Mie instan Varian-924,Warna neon menyilaukan (Ciri-924)
Tahu putih Varian-925,Bau deterjen (Ciri-925)
Sawi Varian-926,Tekstur terlalu kenyal (Ciri-926)
Daging sapi Varian-927,Warna neon menyilaukan (Ciri-927)
Paprika Varian-928,Tekstur lembek tak wajar (Ciri-928)
Minuman soda Varian-929,Bau deterjen (Ciri-929)
Cengkeh Varian-930,Rasa asam mencolok (Ciri-930)
Ikan lele Varian-931,Tidak hancur saat diremas (Ciri-931)
Belimbing Varian-932,Rasa getir (Ciri-932)
Alpukat Varian-933,Tekstur licin tanpa lendir (Ciri-933)
Mie instan Varian-934,Rasa asin berlebih (Ciri-934)
Nanas Varian-935,Tekstur terlalu kenyal (Ciri-935)
Serai Varian-936,Tidak hancur saat diremas (Ciri-936)
Lobak Varian-937,Tekstur terlalu kenyal (Ciri-937)
Jahe Varian-938,Tekstur lembek tak wajar (Ciri-938)
Rambutan Varian-939,Rasa asin berlebih (Ciri-939)
Kubis Varian-940,Bau kimia menyengat (Ciri-940)
Tahu putih Varian-941,Tekstur lembek tak wajar (Ciri-941)
Semangka Varian-942,Warna terlalu cerah (Ciri-942)
Daun salam Varian-943,Tidak berlendir setelah lama (Ciri-943)
Tempe Varian-944,Bau busuk tersembunyi (Ciri-944)
Pepaya Varian-945,Warna neon menyilaukan (Ciri-945)
Rambutan Varian-946,Bau deterjen (Ciri-946)
Labu siam Varian-947,Warna neon menyilaukan (Ciri-947)
Kepiting Varian-948,Warna tidak alami (Ciri-948)
Lobak Varian-949,Bau asam aneh (Ciri-949)
Anggur Varian-950,Bau kimia menyengat (Ciri-950)
Daun bawang Varian-951,Warna belang aneh (Ciri-951)
Kepiting Varian-952,Bau asam aneh (Ciri-952)
Daging kambing Varian-953,Rasa asin berlebih (Ciri-953)
Mentimun Varian-954,Tekstur licin tanpa lendir (Ciri-954)
Lengkuas Varian-955,Warna neon menyilaukan (Ciri-955)
Sirup merah Varian-956,Tidak berlendir setelah lama (Ciri-956)
Bakso ikan Varian-957,Rasa pahit tidak wajar (Ciri-957)
Kopi susu Varian-958,Rasa asam mencolok (Ciri-958)
Nanas Varian-959,Tetap segar aneh (Ciri-959)
Kubis Varian-960,Bau asam aneh (Ciri-960)
Melon Varian-961,Tekstur lembek tak wajar (Ciri-961)
Blueberry Varian-962,Warna tidak alami (Ciri-962)
Daging kambing Varian-963,Bau deterjen (Ciri-963)
Daging kambing Varian-964,Warna terlalu cerah (Ciri-964)
Selada Varian-965,Rasa asin berlebih (Ciri-965)
Lengkuas Varian-966,Rasa asam mencolok (Ciri-966)
Sirsak Varian-967,Tidak hancur saat diremas (Ciri-967)
Nangka Varian-968,Warna belang aneh (Ciri-968)
Melon Varian-969,Bau asam aneh (Ciri-969)
Udang Varian-970,Warna tidak alami (Ciri-970)
Jinten Varian-971,Tidak basi setelah 3 hari (Ciri-971)
Tomat Varian-972,Tekstur licin tanpa lendir (Ciri-972)
Air mineral Varian-973,Warna tidak alami (Ciri-973)
Daun bawang Varian-974,Tekstur keras abnormal (Ciri-974)
Serai Varian-975,Warna terlalu cerah (Ciri-975)
Kubis Varian-976,Warna tidak alami (Ciri-976)
Tahu kuning Varian-977,Tekstur licin tanpa lendir (Ciri-977)
Belimbing Varian-978,Tetap segar aneh (Ciri-978)
Tahu kuning Varian-979,Warna neon menyilaukan (Ciri-979)
Ikan lele Varian-980,Rasa asam mencolok (Ciri-980)
Jahe Varian-981,Bau asam aneh (Ciri-981)
Kayu manis Varian-982,Tetap segar aneh (Ciri-982)
Udang Varian-983,Tekstur terlalu kenyal (Ciri-983)
Kangkung Varian-984,Rasa pahit tidak wajar (Ciri-984)
Durian Varian-985,Rasa asin berlebih (Ciri-985)
Sirup merah Varian-986,Warna neon menyilaukan (Ciri-986)
Mie instan Varian-987,Warna terlalu cerah (Ciri-987)
Serai Varian-988,Tidak basi setelah 3 hari (Ciri-988)
Jus jeruk Varian-989,Tidak basi setelah 3 hari (Ciri-989)
Melon Varian-990,Tidak hancur saat diremas (Ciri-990)
Paprika Varian-991,Bau deterjen (Ciri-991)
Seledri Varian-992,Rasa asin berlebih (Ciri-992)
Asparagus Varian-993,Warna belang aneh (Ciri-993)
Nugget ayam Varian-994,Rasa pahit tidak wajar (Ciri-994)
Jeruk Varian-995,Tekstur licin tanpa lendir (Ciri-995)
Sawi Varian-996,Bau asam aneh (Ciri-996)
Sirsak Varian-997,Rasa asam mencolok (Ciri-997)
Wortel Varian-998,Rasa asam mencolok (Ciri-998)
Tahu kuning Varian-999,Tekstur keras abnormal (Ciri-999)
Bayam Varian-1000,Tidak berlendir setelah lama (Ciri-1000)
